"Sp_ID","Sp_Name","Sp_Surname","Tr_ID","Tr_Name","Tr_Surname","Group","S_ID","Sport","Price"
0,Владимир,Петров,2,Магомед,Айтулиев,1,1,Борьба,111600
1,Иван,Иванов,0,Михаил,Сергеев,0,0,Бокс,108000
2,Андрей,Мартич,0,Михаил,Сергеев,0,0,Бокс,108000
3,Максим,Носов,0,Михаил,Сергеев,0,0,Бокс,96000
4,Пётр,Лазарев,0,Михаил,Сергеев,0,0,Бокс,96000
5,Игнат,Любушкин,1,Алексей,Бурденко,3,3,Настольный теннис,111600
6,Игорь,Парков,2,Магомед,Айтулиев,1,1,Борьба,114000
7,Даниил,Королёв,4,Владимир,Дымов,4,0,Бокс,120000
8,Александр,Звонарёв,4,Владимир,Дымов,4,0,Бокс,120000
9,Владимир,Слободянюк,3,Арсений,Писарев,2,2,Большой теннис,114000
10,Андрей,Подлеснов,1,Алексей,Бурденко,3,3,Настольный теннис,108000
11,Денис,Боровик,1,Алексей,Бурденко,3,3,Настольный теннис,111600
12,Никита,Шавлюк,2,Магомед,Айтулиев,1,1,Борьба,114000
13,Константин,Царик,4,Владимир,Дымов,4,0,Бокс,120000
14,Илья,Шатик,2,Магомед,Айтулиев,1,1,Борьба,120000
15,Гела,Сванидзе,3,Арсений,Писарев,2,2,Большой теннис,120000
16,Максим,Фалдин,1,Алексей,Бурденко,3,3,Настольный теннис,111600
17,Кирилл,Алексеев,4,Владимир,Дымов,4,0,Бокс,120000
18,Дмитрий,Антонов,3,Арсений,Писарев,2,2,Большой теннис,114000
19,Павел,Дегтярёв,3,Арсений,Писарев,2,2,Большой теннис,120000
